donor,DLL3_mean,DLL3_pct_pos,CD8Texh_pct_of_T,TNFRSF9pos_pct_of_CD8,TNFRSF9+PD1+_pct_of_CD8,TNFRSF9+TIM3+_pct_of_CD8,epithelial_APM_z,epithelial_APM_z_5gene_primary,epithelial_APM_z_6gene_sensitivity,n_epithelial_cells,n_CD8,epi_total_counts,epi_n_genes_by_counts,epi_mito_frac,n_epi,imm_total_counts,imm_n_genes_by_counts,imm_mito_frac,n_imm,immune_fraction
PleuralEffusion,0.94464463,58.67620751341681,0.3316749585406301,0.0,0.0,0.0,-0.6430239,-0.6430239,-0.6865266,559,196,7195.0,2891.0,0.0,559,3598.0,1198.0,0.022800352,1946,0.7768463073852295
RU426,1.2145112,66.15720524017468,4.739336492890995,15.84158415841584,4.9504950495049505,3.96039603960396,0.22701375,0.22701375,0.19772558,1374,101,6816.5,3125.5,0.0,1374,3806.5,1316.0,0.0917724,436,0.2408839779005525
RU779,0.47387543,50.92592592592593,0.6141248720573182,15.049864007252948,5.077062556663645,5.167724388032639,-0.28254247,-0.28254247,-0.27615607,216,1103,11857.0,4214.0,0.0,216,4767.0,1618.0,0.068221346,2186,0.9100749375520399
RU1065,0.9896491,46.32768361581921,1.3605442176870748,14.377510040160644,3.2128514056224895,1.5261044176706828,-0.29490063,-0.29490063,-0.26181427,177,1245,1780.0,1109.0,0.0,177,5115.0,1679.0,0.079312444,2902,0.9425138031828516
RU1066,0.66845304,50.905141202027515,1.4874141876430207,55.9748427672956,16.352201257861633,11.740041928721174,1.4207402,1.4207402,1.400597,2762,477,8512.0,3371.0,0.0,2762,3016.0,967.0,0.022002822,1011,0.2679565332626557
RU1080,1.6615058,75.47169811320755,1.7766497461928936,10.588235294117649,5.88235294117647,4.117647058823529,-0.6837497,-0.6837497,-0.71371776,2915,170,8255.0,3587.0,0.0,2915,2929.5,1044.5,0.08858259,738,0.2020257322748426
RU1108,1.6851382,81.16859623733718,6.25,21.428571428571427,14.285714285714285,10.714285714285714,2.5119452,2.5119452,2.5739677,11056,28,9035.0,3090.0,0.0,11056,2808.0,1036.0,0.03185096,143,0.012768997231895705
RU1124,0.45323992,39.84287317620651,0.2044989775051125,11.6751269035533,5.0761421319796955,4.060913705583756,-0.6047653,-0.6047653,-0.6210881,891,197,8181.0,2989.0,0.0,891,2845.0,1053.0,0.07692308,1231,0.5801131008482564
RU1144,0.7240976,48.96322919546586,0.5291005291005291,2.1621621621621623,0.5405405405405406,0.5405405405405406,-0.8566147,-0.8566147,-0.9076729,3617,185,6597.0,2873.0,0.0,3617,4003.0,1164.0,0.031921424,801,0.1813037573562698
RU1145,1.3341631,78.90122735242548,3.397508493771234,15.700934579439252,3.177570093457944,8.598130841121495,0.9785835,0.9785835,0.94244426,3422,535,11312.5,3967.0,0.0,3422,3591.5,1082.0,0.03328592,1170,0.2547909407665505
RU1152,1.3238058,85.36749831422792,3.1746031746031744,43.66197183098591,26.76056338028169,33.80281690140845,-0.37338695,-0.37338695,-0.46205962,1483,71,18604.0,5504.0,0.0,1483,4491.0,1518.0,0.08425847,529,0.2629224652087475
RU1181,1.372259,80.44475011462632,3.515625,21.49532710280374,6.5420560747663545,8.411214953271028,0.63203275,0.63203275,0.65347713,4362,107,10868.0,4466.0,0.0,4362,3194.0,1193.0,0.0686398,375,0.07916402786573781
RU1195,0.6503578,35.580524344569284,46.68838219326818,24.31972789115646,17.006802721088434,15.816326530612246,-0.5448992,-0.5448992,-0.5466415,267,588,2436.0,1369.0,0.0,267,6970.0,2135.0,0.07571764,1269,0.826171875
RU1215,0.83977515,59.69920978842722,0.2544529262086514,4.444444444444445,2.2222222222222223,2.2222222222222223,-0.81050646,-0.81050646,-0.799006,3923,45,9366.0,3584.0,0.0,3923,1605.5,668.5,0.06918521,482,0.1094211123723042
RU1229,0.995789,58.7139947628746,4.291845493562231,11.711711711711713,1.8018018018018016,3.603603603603604,-1.0710844,-1.0710844,-0.9735408,3437,111,5799.0,2720.0,0.0,3437,3271.0,1173.0,0.07626818,325,0.08639021796916534
RU1231,0.7507597,47.34925131525698,0.0,18.181818181818183,9.090909090909092,0.0,-0.3287106,-0.3287106,-0.33748373,4942,11,6468.0,2999.5,0.0,4942,2418.0,957.0,0.08094879,143,0.028121927236971486
RU1293,0.09386242,7.41132874536792,2.3923444976076556,8.21917808219178,2.73972602739726,4.10958904109589,-0.04507027,-0.04507027,0.100469194,5667,73,5784.0,2791.0,0.0,5667,1307.0,628.0,0.07359649,451,0.07371690094802223
RU1311,0.6938606,42.758620689655174,0.9615384615384616,8.333333333333332,0.0,0.0,-0.35403255,-0.35403255,-0.34045696,145,24,7633.0,3258.0,0.0,145,581.0,337.0,0.06425899,262,0.6437346437346437
RU1322,0.43329883,51.00064557779213,0.0,22.22222222222222,11.11111111111111,22.22222222222222,1.1229713,1.1229713,1.0574833,3098,18,14810.0,4529.5,0.0,3098,2632.0,1013.0,0.057961576,75,0.02363693665300977
