patient,n_roi,total_area,DLL3_Hscore,Cell,CD103+,CD137+,CD3+,CD4+,CD45RO+,CD56+,CD68+,CD8+,ECAD+,FOXP3+,KI67+,LAG3+,PD1+,PDL1+,TIM3+,TTF1+,TUMOR+,CD3+CD4+,CD3+CD4+FOXP3+,CD3+CD4+CD45RO+,CD3+CD4+PD1+,CD3+CD4+KI67+,CD3+CD8+,CD3+CD8+CD45RO+,CD3+CD8+PD1+,CD3+CD8+KI67+,TUMOR+KI67+,TUMOR+PDL1+,CD3-CD56+,CD3-CD68+,CD68+PDL1+,CD3+CD4+LAG3+,CD3+CD4+TIM3+,CD3+CD4+CD137+,CD3+CD8+LAG3+,CD3+CD8+TIM3+,CD3+CD8+CD137+,CD68+TIM3+,CD3+CD8+CD103+,TUMOR+ECAD+,CD3+CD4+CD103+,CD3+CD8+CD137+LAG3+,CD3+CD8+CD137+TIM3+,CD3+CD8+CD137+PD1+,CD3+CD8+CD137+KI67+,CD3+CD8+CD137+CD103+,CD3+CD8+CD103+LAG3+,CD3+CD8+CD103+TIM3+,CD3+CD8+CD103+PD1+,CD3+CD8+CD103+KI67+
21029B2858,5,0.61091662125,0,12445.233499202326,14.731961264345776,0.0,16.368845849273086,4.910653754781926,14.731961264345776,1496.1125106235597,9.821307509563852,9.821307509563852,8305.552383921164,3.273769169854617,4982.676676518727,11.458192094491158,8.184422924636543,42.55899920811002,47.46965296289195,83.48111383129273,12419.043345843487,4.910653754781926,1.6368845849273086,1.6368845849273086,3.273769169854617,1.6368845849273086,9.821307509563852,6.547538339709233,1.6368845849273086,0.0,4977.766022763945,39.285230038255406,1494.4756260386328,9.821307509563852,1.6368845849273086,1.6368845849273086,3.273769169854617,0.0,4.910653754781924,4.910653754781924,0.0,6.547538339709234,4.910653754781924,8289.18353807189,4.910653754781926,0.0,0.0,0.0,0.0,0.0,4.910653754781924,3.273769169854617,1.6368845849273086,0.0
21029B2865,31,10.090260025625001,6,13701.926377406342,20.613938537933393,2.7749532647218027,4.1624298970827045,0.7928437899205151,20.316622116713198,12769.839396881036,106.53838427056921,2.9731642122019317,9118.298216928364,0.9910547374006439,2599.635681675629,2.7749532647218027,3.2704806334221246,9.91054737400644,276.99979910348,0.9910547374006436,13591.22556323869,0.7928437899205151,0.19821094748012874,0.7928437899205151,0.29731642122019314,0.0,2.9731642122019317,2.576742317241674,2.0812149485413522,0.7928437899205151,2592.9956149350446,9.117703584085923,12769.046553091115,106.53838427056921,0.7928437899205151,0.19821094748012877,0.5946328424403863,0.09910547374006437,1.783898527321159,2.47763684350161,1.783898527321159,61.24718277135979,1.4865821061009659,9060.817042159128,0.49552736870032194,1.4865821061009659,1.6847930535810947,1.6847930535810947,0.5946328424403863,1.0901602111407083,1.288371158620837,1.288371158620837,1.1892656848807726,0.09910547374006441
21029B2860,38,12.230007684375,10,21198.923720320567,22.48567679571769,3.3524099949979105,35.40472019107549,17.007348267306472,47.914933099238425,20110.04460072576,60.09808161764547,16.51675168267263,12391.570300778983,5.47832852841122,6323.299379345571,12.510212908162934,5.314796333533272,96.8928254651835,82.1749279261683,21103.420918511845,21103.420918511845,17.007348267306472,4.3336031642655914,15.290260221088031,1.4717897539015217,1.7988541436574155,16.51675168267263,11.365487544017306,3.188877800119964,1.553555851340495,6312.99685106826,79.96724329531601,20108.000448289786,60.09808161764547,15.126728026210085,1.3900236564625483,4.251837066826618,0.9811931692676811,8.421908036214264,6.377755600239928,1.0629592667066545,30.171689954981193,8.503674133653236,12341.447683048893,3.10711170268099,0.8176609743897343,0.8176609743897343,0.8994270718287077,0.16353219487794685,0.9811931692676811,5.069498041216352,4.3336031642655914,2.86181341036407,1.0629592667066545
21029T2951,5,1.018384705,10,25928.315567151025,49.09735952878437,26.51257414554356,103.10445501044714,21.602838192665125,58.91683143454124,25730.944181845312,94.26693029526598,61.8626730062683,9738.952236129668,18.656996620938063,11098.949095076994,73.64603929317656,34.368151670149054,227.81174821355947,416.3456088040914,25730.944181845312,25730.944181845312,21.602838192665125,8.837524715181184,12.765313477483936,4.909735952878437,8.837524715181186,61.8626730062683,30.440362907846307,26.512574145543553,16.693102239786683,11049.85173554821,163.98518082613978,25730.944181845312,94.26693029526598,56.95293705338987,5.891683143454124,12.765313477483936,2.945841571727062,35.35009886072474,50.079306719360055,13.747260668059623,52.043201100511425,34.368151670149054,9637.811675500372,0.0,11.783366286908247,13.747260668059623,10.80141909633256,2.945841571727062,11.783366286908247,23.566732573816495,33.386204479573365,22.58478538324081,9.819471905756872
21029B2857,15,1.3095881824999998,50,18064.45745015724,32.83474956066963,1.5271976539846337,42.76153431156975,11.453982404884753,26.72595894473109,17952.20842258937,38.94354017660815,13.744778885861704,11829.673027764973,6.872389442930852,7686.385792504661,6.872389442930852,6.108790615938535,90.8682604120857,61.08790615938535,12.981180058869386,17982.75237566906,11.453982404884753,3.0543953079692674,5.345191788946218,2.2907964809769505,3.8179941349615842,13.744778885861704,5.345191788946218,3.817994134961584,2.2907964809769505,7669.586618310831,64.90590029434694,17948.390428454408,38.94354017660815,25.96236011773877,1.5271976539846337,4.581592961953901,0.0,3.054395307969267,4.5815929619539,0.0,25.962360117738772,9.163185923907802,11767.057923951603,0.7635988269923168,0.0,0.0,0.0,0.0,0.0,3.054395307969267,4.5815929619539,3.817994134961584,1.5271976539846335
21029T2945,35,7.1451920881249995,100,21876.808638886996,104.68577902099283,52.902706510608674,288.44570930784255,126.09877927528682,390.7522660783583,21457.645660052942,132.11681202649362,119.52092952396775,12577.968358522283,70.1170792640607,12896.784140086214,103.9860077708525,100.06728877006667,640.0107853783425,321.614866564494,16821.52117362325,21456.24611755266,126.09877927528682,29.530346755921773,98.10792926967376,19.733549253957204,41.14654950825119,119.52092952396775,88.31113176770918,46.7447195093738,50.52348426013157,12749.272360556635,520.3499016043467,21456.526026052714,132.11681202649362,71.09675901425716,7.4175752514874596,24.771902254967554,7.557529501515525,44.92531425900896,63.959092262825834,21.692908754350118,33.449065756707604,56.54151701133837,12300.019217966545,0.9796797501964569,15.255013253059115,18.61391525373268,14.835150502974919,12.73583675255394,15.954784503199441,35.68833375715665,48.424170509710585,37.36778475749343,28.830575505781447
21029B2859,37,7.041163715625001,180,21027.916120092304,79.10624187930254,43.600747319471964,78.68017594458458,24.1437363006848,164.0353848664173,19936.193173366635,84.78712100887545,46.157142927779766,4801.194996358531,20.025098931744452,7655.126649077714,97.71112102865378,38.91402203757433,454.04426443111356,1254.764177744413,20864.448823138846,20864.448823138846,24.1437363006848,5.538857151333572,11.077714302667143,3.266505499504414,4.4026813254189925,46.157142927779766,32.66505499504414,26.41608795251396,17.46870332343665,7608.827484171695,425.2138028485311,19933.920821714808,84.78712100887545,21.01925277941971,1.7042637388718682,5.538857151333572,1.5622417606325458,32.3810110385655,36.641670385745165,19.030945084069195,38.48795610285636,37.06773632046313,4764.979391907504,0.5680879129572894,16.758593432240037,17.752747279915294,15.622417606325458,8.237274737880695,17.61072530167597,28.972483560821757,32.238989060326176,25.4219341048387,13.91815386745359
21029B2864,1,0.197227119375,270,21143.136974339326,40.56237309225772,35.4920764557255,70.98415291145099,15.21088990959664,121.6871192767731,20920.04392233192,126.75741591330538,50.70296636532214,13167.56036507416,15.21088990959664,8548.520129193314,40.56237309225772,5.070296636532214,359.9910611937872,278.8663150092718,20945.39540551458,20945.39540551458,15.21088990959664,10.14059327306443,10.14059327306443,0.0,0.0,50.70296636532214,20.28118654612886,5.070296636532214,30.42177981919328,8487.676569554926,283.936611645804,20920.04392233192,126.75741591330538,70.98415291145099,0.0,5.070296636532214,0.0,10.14059327306443,30.42177981919328,10.14059327306443,65.91385627491879,30.42177981919328,13030.662355887789,0.0,0.0,10.14059327306443,5.070296636532214,0.0,5.070296636532214,5.070296636532214,25.35148318266107,5.070296636532214,20.28118654612886
21029T2954,14,0.9080778768750001,270,19778.03937015443,45.150312593336956,15.417179909919936,27.530678410571312,6.607362818537116,31.935586956262725,18902.563796698265,29.73313268341702,17.61963418276564,9825.148511164689,2.202454272845706,5789.151056174936,26.429451274148462,23.125769864879903,1342.3958792994572,69.37730959463971,16098.839507365681,19720.775559060443,6.607362818537116,1.1012271364228527,5.506135682114262,3.303681409268558,1.1012271364228527,17.61963418276564,9.911044227805673,8.80981709138282,4.40490854569141,5780.341239083553,1332.4848350716516,18902.563796698265,29.73313268341702,7.708589954959967,4.40490854569141,3.303681409268558,2.202454272845705,14.315952773497083,13.214725637074231,5.506135682114262,11.012271364228525,13.214725637074231,9800.921514163387,2.202454272845705,5.506135682114262,5.506135682114262,5.506135682114262,2.202454272845705,4.40490854569141,12.113498500651378,12.113498500651378,7.708589954959968,4.40490854569141
21029T2953,12,1.106043209375,300,18244.31435314602,0.0,1.808247619123447,19.89072381035792,11.753609524302409,8.137114286055512,18175.60094361933,48.822685716333076,3.6164952382468942,9942.649533750275,24.411342858166538,4410.315943042087,9.94536190517896,3.616495238246895,57.863923811950315,111.207228576092,16907.115238804232,18175.60094361933,11.753609524302409,4.520619047808618,3.616495238246895,0.0,0.9041238095617237,3.6164952382468942,1.808247619123447,0.9041238095617237,1.8082476191234473,4403.082952565594,49.7268095258948,18175.60094361933,48.822685716333076,7.23299047649379,0.0,3.6164952382468947,0.0,0.9041238095617237,1.808247619123447,0.9041238095617237,29.83608571553687,0.0,9902.868086129558,0.0,0.9041238095617237,0.9041238095617237,0.9041238095617237,0.0,0.0,0.0,0.0,0.0,0.0
