marker,r,p,pos_mean,neg_mean,fc,q,fdr_sig
CD3+CD8+KI67+,0.5609860386535759,0.0915777608700657,20.92542471351527,4.2660596724049284,4.903944711352404,0.895201928619886,False
PDL1+,0.5426930156540026,0.10503989377913599,570.8611828229301,93.60847613458904,6.098326861718168,0.895201928619886,False
TUMOR+PDL1+,0.5426930156540026,0.10503989377913599,522.3423921392457,71.45225160762882,7.310267627953224,0.895201928619886,False
FOXP3+,0.4878139466552833,0.15263398627837138,26.393373047282807,7.054507699907079,3.7408184031363763,0.895201928619886,False
CD3+CD4+CD103+,-0.41976108377310034,0.2271767909534132,0.7500443871998903,1.8553783306311107,0.4040363835452112,0.895201928619886,False
ECAD+,0.37805580865784455,0.28141111579742767,10062.904352973987,10276.80923310463,0.979185576528251,0.895201928619886,False
CD137+,0.3719581343246536,0.2898765820773253,29.844191562969904,6.833427011849582,4.36674376816459,0.895201928619886,False
CD3+CD4+FOXP3+,0.3719581343246536,0.2898765820773253,10.166328672910248,3.612123743964696,2.813722804233296,0.895201928619886,False
CD3+CD8+CD137+PD1+,0.360857956488886,0.30563244973627723,8.387624847501716,2.6771278443484725,3.131898600435273,0.895201928619886,False
CD3+CD8+CD137+TIM3+,0.3486254833875678,0.32350657193034,10.583503059677678,3.2499429392060906,3.255517939746511,0.895201928619886,False
TUMOR+ECAD+,0.3475674369918894,0.32507753376563486,9959.890113210957,10219.263572546377,0.9746190679873169,0.895201928619886,False
CD3+CD8+CD103+KI67+,0.3302767737355906,0.3513055787843507,13.486964893011063,2.5017468600376445,5.388864974066216,0.895201928619886,False
CD68+PDL1+,0.298786042326361,0.40169500159656024,35.60834902731632,20.094350714437308,1.771969523365116,0.895201928619886,False
CD56+,0.28659069365997897,0.42208631336590563,19878.40949921382,15611.829822533007,1.273291372753203,0.895201928619886,False
CD4+,0.28659069365997897,0.42208631336590563,36.76287556568156,11.15353328191176,3.2957789121752326,0.895201928619886,False
CD3+CD4+,0.28659069365997897,0.42208631336590563,36.76287556568156,11.15353328191176,3.2957789121752326,0.895201928619886,False
CD3-CD56+,0.28659069365997897,0.42208631336590563,19877.73110208341,15610.17144754385,1.2733831845151096,0.895201928619886,False
LAG3+,0.2743953449935969,0.44294886499311054,55.726863014218296,21.452357400696663,2.597582372463932,0.895201928619886,False
CD3+CD8+CD137+,0.26911440822899974,0.4521258451466174,11.454941320631947,3.3188236924174874,3.4504667662909796,0.895201928619886,False
CD3+CD4+TIM3+,0.2621999963272148,0.4642693548570453,8.460246538069757,5.093429103711892,1.6606858915566163,0.895201928619886,False
CD3+CD4+PD1+,-0.25994005340301113,0.46826947074132125,5.260747232546035,2.448681555766344,2.1475228974813807,0.895201928619886,False
TTF1+,0.24390697332764166,0.4970775764810612,18327.46402968932,9386.363689796945,1.952562534631903,0.895201928619886,False
CD3+,0.24390697332764166,0.4970775764810612,97.10628807696148,40.36039705188963,2.405919893013594,0.895201928619886,False
CD3+CD8+,0.2378092989944506,0.5082267912379747,47.52343364761644,20.983735059313684,2.264666840600594,0.895201928619886,False
CD8+,0.2378092989944506,0.5082267912379747,47.52343364761644,20.983735059313684,2.264666840600594,0.895201928619886,False
TIM3+,0.23171162466125958,0.519479299957456,407.1659794977821,176.81557899120338,2.3027590615133358,0.895201928619886,False
Cell,0.22561395032806852,0.5308330658438035,20414.043091323816,18267.7713228475,1.117489463441143,0.895201928619886,False
TUMOR+,0.22561395032806852,0.5308330658438035,20232.49336977717,18165.477277021677,1.1137880908629945,0.895201928619886,False
CD3+CD8+CD137+CD103+,0.19753462765792956,0.5843627098188485,8.608142997419808,2.7709439334633275,3.105453502684885,0.895201928619886,False
CD103+,0.19512557866211336,0.5890463048965598,53.90094131717801,27.952737137490168,1.9282195096872659,0.895201928619886,False
CD3+CD4+LAG3+,-0.18654521479510208,0.6058386967701286,2.7053495072101477,2.1287999972617486,1.27023641219287,0.895201928619886,False
CD3+CD8+CD103+PD1+,0.18293022999573122,0.6129641414000456,15.113721090764864,6.418148639674908,2.3544743920325053,0.895201928619886,False
CD3+CD8+CD103+,0.18293022999573122,0.6129641414000456,27.449151757613805,11.686449517718597,2.34860066911946,0.895201928619886,False
CD45RO+,0.1768325556625402,0.6250493381834632,143.30949429277337,33.72126137191394,4.249700004167891,0.895201928619886,False
CD3+CD4+KI67+,-0.1743127416937839,0.6300672325418725,9.51091635593095,3.2182515157454987,2.9543874746700114,0.895201928619886,False
CD3+CD8+CD137+LAG3+,0.17284279920068837,0.6330007575176955,7.684773235395028,2.8175218734797896,2.7265260233397766,0.895201928619886,False
CD3+CD4+CD45RO+,0.16463720699615814,0.649460222724231,25.689773553153298,7.166098772473203,3.5844034481316824,0.895201928619886,False
CD3+CD8+PD1+,0.15244185832977605,0.6741752533023248,17.589008999872906,7.447509122818753,2.361413366063874,0.9011278284840593,False
CD3+CD8+CD103+TIM3+,0.14024650966339397,0.6991741437226109,23.62562825066984,9.372708186853663,2.520414309867685,0.9011278284840593,False
KI67+,0.12805116099701186,0.7244360974087536,7859.9795835148525,6538.1893250243165,1.2021643899584125,0.9011278284840593,False
TUMOR+KI67+,0.12805116099701186,0.7244360974087536,7805.840121186481,6520.639368525258,1.1970971683800882,0.9011278284840593,False
CD3+CD8+CD103+LAG3+,0.11585581233062979,0.7499398453270251,16.3689224910324,7.577930167280975,2.1597932860892066,0.9106412407542448,False
CD68+,0.08536744066467457,0.8146136789854658,84.4434334696849,61.93364877393053,1.3634279864557617,0.9321805570360036,False
CD3-CD68+,0.08536744066467457,0.8146136789854658,84.4434334696849,61.93364877393053,1.3634279864557617,0.9321805570360036,False
CD3+CD8+TIM3+,0.0731720919982925,0.8407903063461993,29.20910314479239,13.685389175967483,2.134171604303194,0.9321805570360036,False
CD3+CD8+LAG3+,0.0731720919982925,0.8407903063461993,20.533399030739538,10.704190897402272,1.9180787365241834,0.9321805570360036,False
CD3+CD8+CD45RO+,0.054879068998719374,0.8803129336209681,30.595333031162255,11.255064579552148,2.718119891275497,0.9493907814408085,False
CD68+TIM3+,0.04878139466552834,0.8935442648854668,35.73984704284963,35.19439445686008,1.015469427019973,0.9493907814408085,False
CD3+CD4+CD137+,-0.02201954765483187,0.9518555873550157,2.264445106998755,0.8052280429469615,2.8086905768269386,0.9849150260274142,False
CD3+CD8+CD137+KI67+,-0.01572824832487991,0.9656029666935433,4.635113152656068,0.740801321809079,6.248456313547834,0.9849150260274142,False
PD1+,0.0060976743331910424,0.9866618333383284,34.15877450946,11.449328435535907,2.9832135123258827,0.9866618333383284,False
