,TNFRSF9,PTPRC,DLL3,CD274,YAP1,POU2F3,ASCL1,NEUROD1,B2M,TAP1,TAP2,HLA-C,HLA-A,HLA-B
ACH-002075,0.4114262457264649,0.4436066514756145,5.236109889889632,0.925999418556223,0.6599245584023783,0.0,8.654313802586561,0.879705766282288,8.374257035174093,0.9927684307689242,3.2249663650002742,6.149543908709094,6.36387192485753,2.3305584000308026
ACH-000800,0.0840642647884745,0.3785116232537298,2.925999418556223,0.0565835283663675,0.1505596765753814,0.070389327891398,0.0285691521967709,7.515069014032239,8.12474169241965,0.2986583155645151,0.3561438102252753,0.7739963251111731,7.314605901262219,1.070389327891398
ACH-000729,0.01435529297707,1.6276068381296498,6.138118177614614,0.5058909297299573,0.6599245584023783,0.3785116232537298,8.208917129313672,0.5058909297299573,8.035183996618336,0.6135316529179271,2.7676547982373463,1.4956951626240689,5.125568451778029,2.056583528366368
ACH-001046,0.903038270112912,4.916476644437717,0.7484612330040357,5.545041683467464,0.3103401206121505,1.726831217032493,0.070389327891398,0.01435529297707,12.242102277314304,6.937462100716437,3.980025300238734,10.121921982551074,10.371449959419545,10.909143047339898
ACH-000179,0.0976107966264223,0.1890338243900171,5.353323291162897,0.7739963251111731,2.176322772640463,0.6599245584023783,8.318316841334983,0.5360529002402097,8.312338439316054,1.8914191868460783,4.340562269026414,6.12267271882414,7.679550473156878,1.996388746447621
ACH-000871,0.0,0.0565835283663675,7.294253136444514,1.4698859762744636,0.1505596765753814,0.3448284969974411,9.347001197514231,1.0356239097307212,7.595518579095371,1.6507645591169022,2.6758159311722696,7.226604860396028,7.375560793169459,1.15704371014558
ACH-000749,0.01435529297707,0.0976107966264223,2.8155754288625725,0.2750070474998697,0.2509615735332187,0.0,0.6229303509201767,7.874796965898665,9.280167588249991,4.46401472450489,4.311793717753649,6.662205499653616,8.210184275907636,6.563310691608564
ACH-000358,1.1375035237499351,1.1634987322828796,4.4154882710497,0.1763227726404628,0.1890338243900171,0.1763227726404628,6.448900951145128,1.9373443921502325,9.441201260618238,0.2387868595871165,0.722466024471091,5.370861740085285,7.372429792334089,1.8875252707415875
ACH-000594,0.0,0.0565835283663675,7.091594060828292,2.0942360698457656,0.5753123306874368,0.5058909297299573,9.513313082293609,2.922197848396367,10.139423448232666,3.821710215034674,4.170726276131552,8.807322718683885,8.17921244837851,6.677931010045297
ACH-003120,0.0840642647884745,0.01435529297707,0.6507645591169022,2.488000770834068,7.049521864532181,4.614120868789254,0.070389327891398,0.0,8.797402141631398,1.4276061727818994,1.8237493603082728,4.426264754702098,4.144862142915734,3.111031312388744
ACH-002074,0.3448284969974411,0.01435529297707,6.20633064787105,0.4436066514756145,0.2509615735332187,1.0426443374084935,9.386099595572905,1.7180875839605168,8.777189549816478,3.063502942306158,2.5897634869849773,6.871474058385383,6.678212786421367,6.842224612877244
ACH-000866,0.0426443374084937,0.0976107966264223,1.7398481026993275,1.1953475983222193,4.513490745588118,8.094552786039102,1.0,0.1634987322828795,9.92500544374414,4.844486087757799,5.019701914442548,8.135452784185173,8.835197745047722,8.446504378565615
ACH-000586,0.0,0.137503523749935,4.478324711485028,0.933572638261024,3.495695162624069,2.6667565918848037,7.765402139621683,0.8875252707415875,9.976134472831657,4.125155131322289,3.953265239014844,7.713145902490259,7.924396852571431,7.231989133376009
ACH-000394,0.070389327891398,0.4005379295837288,5.58766502110098,1.7570232465074596,0.8073549220576041,0.5260688116675876,9.485789065601136,3.910732661902913,9.05264955669615,1.4382928515791469,4.681449265314958,6.961507574683088,7.825404046230681,3.670160514126634
ACH-000816,0.01435529297707,0.0426443374084937,6.590362488463746,0.3448284969974411,0.137503523749935,0.1763227726404628,0.7824085649273732,8.523561956057012,8.609843591599457,2.613531652917927,4.110196177754199,2.424922088210688,7.087462841250339,1.5210507369009632
ACH-002077,0.5753123306874368,0.3448284969974411,4.777682717073553,1.9818526532897407,1.2265085298086795,0.0976107966264223,8.933100474931367,3.626439136697315,12.550049314211032,6.632122775200898,4.791293148592206,8.673061684718366,8.932716728409384,9.547087320664728
ACH-000523,0.0426443374084937,0.0426443374084937,7.857918808656264,0.5360529002402097,2.954196310386876,0.0565835283663675,9.08579110490032,2.144046369616707,8.309885570987769,2.6322682154995127,4.270528942380718,3.828834649468056,6.880930361076882,4.460087240116833
ACH-000399,0.1505596765753814,0.1110313123887439,5.1651079851445365,3.912649864897204,0.1890338243900171,0.1505596765753814,9.399790601728055,0.2141248053528473,10.596096555779967,5.770036138597918,5.654779216959517,10.57051985442327,9.873936205993632,9.191750160445672
ACH-000187,0.0,0.2016338611696504,4.298658315564516,0.01435529297707,0.4222330006830478,8.722670938190758,0.2141248053528473,0.3103401206121505,9.330155005686644,5.907611762852173,4.792855352362489,7.7491990300609475,9.203763987373277,7.214319120800765
ACH-000639,0.0,0.137503523749935,4.421559944901823,0.3103401206121505,1.0285691521967708,8.028790136349901,0.4854268271702416,0.1243281350022017,6.926592510051067,2.931683057059806,5.854993016757,3.799087306074004,7.169223520840417,1.1634987322828796
ACH-002170,0.0,0.0,3.2839217723076173,1.613531652917927,0.1110313123887439,0.0285691521967709,8.63713201197683,1.9597701552114672,12.06750158635896,7.025361072342031,4.767654798237347,8.670762455886893,9.623149900220454,9.727188713755233
ACH-000670,0.0426443374084937,0.1243281350022017,1.8155754288625725,0.1634987322828795,5.451211111832329,0.0,0.0565835283663675,0.01435529297707,8.865176496531776,4.148934104526339,5.192194165283345,6.387672720012499,7.617357261591324,5.705425039042727
ACH-000525,0.0,0.0976107966264223,4.218781167784069,0.2016338611696504,0.2509615735332187,0.9708536543404837,3.814550423461808,8.16375029639813,8.450592681427393,0.879705766282288,3.314696525656286,2.1243281350022016,5.998872453994275,2.241840183564671
ACH-002490,0.0840642647884745,0.8718436485093178,3.472487771462744,2.4672794804599825,3.137503523749935,5.216454865144756,7.504223119912845,0.2141248053528473,11.241804439818482,5.671010241278451,4.787118982813345,8.635609302019239,8.122879749755239,8.83545042277079
ACH-000506,0.070389327891398,1.7739963251111732,5.505890929729957,0.1890338243900171,0.0565835283663675,0.1243281350022017,8.871104373555458,0.3673710656485294,8.010612021722649,0.137503523749935,0.137503523749935,6.371558862611963,7.896695681159022,5.46401472450489
ACH-001386,0.0285691521967709,0.0565835283663675,3.20006486151431,0.4646682670034443,0.4750848829487829,0.3673710656485294,7.609843591599456,7.898389766534846,10.125542622718385,1.4489009511451276,1.8155754288625725,2.15704371014558,3.959770155211468,1.1634987322828796
ACH-000514,0.0426443374084937,0.1890338243900171,5.394719912994065,1.1176950426697545,0.1110313123887439,0.1110313123887439,8.42969964478184,3.1953475983222197,8.052459369118097,0.4750848829487829,2.729008870337863,3.229587922740652,7.244696817804489,1.4854268271702415
ACH-003071,0.0285691521967709,0.01435529297707,4.269033146455237,1.0,0.2509615735332187,0.0,8.878602741519046,0.0285691521967709,9.26547440323211,2.232660756790275,2.035623909730721,3.725741156503952,5.271649772457207,4.237257770900372
ACH-000803,0.3219280948873623,0.0426443374084937,4.399854673572431,1.1953475983222193,0.3895668117627256,0.0426443374084937,8.674156950821335,2.6530600171045644,11.79173268940798,4.920769673020648,4.492494151679432,8.705874256074454,8.437294331497144,9.372125026733505
ACH-001549,2.073820233291672,0.0,4.23189316164533,1.713695814843359,0.0,0.0,3.032100843167024,7.5387709377246255,9.736215874239912,3.4208865749755315,2.918386234446348,7.034303767768035,7.818326527802984,6.724923070266613
ACH-003121,0.0285691521967709,0.01435529297707,2.229587922740652,0.1763227726404628,0.4750848829487829,7.005287693907865,0.0,0.1890338243900171,8.186361891252986,4.71918344048179,3.23112515787905,8.019535132102035,6.20163386116965,8.066089190457772
ACH-002051,0.0426443374084937,0.0,4.285402218862249,0.6135316529179271,1.280956313831056,0.2141248053528473,8.093813673402728,4.514122260170708,8.994947365487015,3.0686708106650986,2.582556003014061,6.199476046442853,7.6827839558922895,7.5530532527664125
ACH-000297,0.4854268271702416,0.070389327891398,5.558573776240628,1.3391373849195856,2.39231742277876,0.0,9.054332981672324,0.0,8.74139956916985,3.532316959332765,4.160274831408593,6.632849830117706,6.311793717753649,5.206721357430888
ACH-002052,0.4541758931858022,0.0,4.7311832415722,0.0840642647884745,0.3895668117627256,0.01435529297707,7.503825737995751,0.8318772411916731,8.092228584386778,0.4436066514756145,1.411426245726465,1.3276873641760472,6.741197298571427,1.752748591407134
ACH-000912,0.4005379295837288,0.1505596765753814,3.565597175854225,3.049630767724601,6.47021145739054,0.137503523749935,0.6780719051126377,0.1634987322828795,9.90109315450856,4.552745936748446,5.073391816052921,6.46972320817581,3.451540833017832,6.242221395098369
ACH-000508,0.0285691521967709,0.0565835283663675,5.381283372503783,0.4750848829487829,0.5160151470036647,0.2265085298086797,9.76508714975256,1.6369145803558778,8.40322510902563,1.097610796626422,1.91456452349394,7.505732173741804,7.714382910651407,2.381283372503784
ACH-000698,0.7398481026993275,0.0565835283663675,6.678635347822744,2.3673710656485296,2.250961573533219,0.0426443374084937,9.935238729797828,5.330199832850905,10.846273911349906,5.141187525005,4.743622676067655,9.52657748488129,10.774375272802065,9.513056418903398
ACH-000780,0.0840642647884745,0.2016338611696504,5.819157223674968,1.5310694927259538,0.2016338611696504,0.4005379295837288,9.710789217665354,0.3895668117627256,7.460251098943846,0.7824085649273732,1.565597175854225,4.67072705449947,5.751142324726947,1.996388746447621
ACH-000790,0.879705766282288,0.0426443374084937,7.389910925071665,0.9781956296816516,0.2387868595871165,0.0,9.134349305974572,0.0,9.235176563602494,4.07724299893246,4.767125077269071,1.6182386555954549,8.046796609573757,2.0840642647884744
ACH-000870,0.2016338611696504,0.2986583155645151,6.181301364926356,1.565597175854225,0.8953026213333066,0.1634987322828795,8.818678034431885,0.2868811477881615,5.317955218312439,3.0669502439246266,2.978195629681652,5.321928094887363,6.359310316890443,4.813524689297811
ACH-000290,0.0,0.0976107966264223,6.854494418154875,0.9107326619029126,0.2016338611696504,0.1243281350022017,8.760121125551938,2.266036893995317,8.898601387403938,1.4698859762744636,2.257010618206023,3.4329594072761065,8.166615031182433,2.643856189774725
ACH-000767,0.0976107966264223,0.6780719051126377,5.431622959713292,0.2265085298086797,1.0214797274104517,9.566301444865472,0.5655971758542251,0.4541758931858022,9.424124288351107,6.13360462289506,5.848998430400023,9.493775408460705,8.674616008615018,8.871474058385383
ACH-000355,0.01435529297707,0.070389327891398,5.04176864995163,0.6229303509201767,0.2016338611696504,0.1634987322828795,2.548436624696042,7.5049381316496095,7.0300049445090815,0.1110313123887439,0.4646682670034443,1.655351828612554,6.721782768459794,1.2265085298086795
ACH-000610,0.3895668117627256,0.1243281350022017,6.244316259891207,0.2265085298086797,0.1505596765753814,0.1243281350022017,4.308885057411763,4.442943495848728,8.178117045706399,2.211012193485512,2.9945797242157477,4.2720231890610485,6.594847089653,2.070389327891398
ACH-000515,0.0,0.0565835283663675,3.922197848396367,0.3103401206121505,0.6415460290875237,0.01435529297707,0.6599245584023783,4.224194663970433,6.718772591827187,0.4222330006830478,0.9927684307689242,2.3074285251922477,4.6194130105979365,0.9781956296816516
ACH-003119,0.0,0.0,0.3103401206121505,0.2141248053528473,1.839959587489532,5.0759604132434015,0.0,0.01435529297707,9.744564778371409,2.4436066514756147,2.704871964456353,3.1243281350022016,4.607626220845488,2.643856189774725
ACH-000743,0.5459683691052926,0.0976107966264223,5.728736843366021,1.1699250014423124,0.4114262457264649,0.0565835283663675,9.838022058304546,0.2141248053528473,10.590119174107176,5.37364821133469,5.105175192265479,9.069771971380112,10.632904344468669,9.66530038238694
ACH-000257,0.2509615735332187,0.0285691521967709,5.128870759465125,0.7136958148433591,0.5753123306874368,0.3448284969974411,6.740252993961882,9.069208067231427,8.516487980909975,1.7865963618908067,2.797012977836145,5.343052434922969,7.339137384919585,2.073820233291672
ACH-003061,0.0,0.137503523749935,5.440620047679168,2.5084286525318573,0.722466024471091,0.0,9.581464235776808,0.4436066514756145,11.087860588357822,4.143230134776893,3.927896453728821,8.490088723943467,7.880807948362805,5.854993016757
ACH-000431,0.1505596765753814,0.0840642647884745,4.269033146455237,0.3673710656485294,0.1634987322828795,0.1634987322828795,1.15704371014558,8.954138136026865,8.805485937132671,3.8104431038451754,4.349789870241872,3.2720231890610485,7.174426393677253,3.631104282365877
ACH-000703,0.4541758931858022,0.0976107966264223,5.87528859822269,1.6959938131099002,0.3785116232537298,0.9855004303048848,9.056149961108142,2.875780063068488,9.64473956997969,3.9882302230604574,3.187451054027326,6.042425465369708,7.375300135809439,4.332707933640605
ACH-000298,0.0285691521967709,0.1110313123887439,4.287620044112067,0.8155754288625725,0.1243281350022017,0.6780719051126377,9.878648717725373,0.6229303509201767,9.098821663409437,2.324810603420484,4.436961337833602,8.013127229799819,7.066950243924628,5.057883448899626
ACH-000659,0.01435529297707,0.0426443374084937,4.72137265947682,0.1763227726404628,0.6870606883398922,0.070389327891398,4.1586601753464985,7.586014082512518,8.088576256930406,1.4436066514756145,3.786596361890807,1.4436066514756145,4.273515889702116,1.4276061727818994
ACH-000559,0.070389327891398,0.0,6.084702108011991,1.0565835283663676,0.2986583155645151,0.2630344058337938,9.32082310844006,2.032100843167024,8.214513410080016,1.831877241191673,3.564378168565064,2.3868109464722167,7.113742166049188,2.38404980679516
ACH-000844,0.01435529297707,0.0426443374084937,4.888986721186558,1.0285691521967708,2.548436624696042,0.0426443374084937,10.617191940251333,1.5558161550616396,10.084409798206332,3.838951766951943,3.353323291162897,7.504223119912845,9.044366795329989,7.021146554311502
ACH-001591,0.0426443374084937,0.137503523749935,4.594548549550354,1.0840642647884746,0.4222330006830478,0.0,8.484017256915571,0.8559896973084807,3.598126959919604,0.6690267655096305,1.7484612330040354,5.316869805064333,7.121947876513093,5.031659854308054
ACH-000382,0.0,0.0285691521967709,3.4046306842176115,0.7824085649273732,0.6229303509201767,0.3895668117627256,0.84799690655495,7.981110570240497,7.415657274159,1.782408564927373,2.3673710656485296,8.533096078561556,5.028127082317139,8.34442907361973
ACH-000695,0.3785116232537298,2.2600256559614555,5.436628267292844,0.903038270112912,0.3673710656485294,0.3334237337251918,9.30852106219326,0.01435529297707,9.565730442308784,2.582556003014061,4.62702310555406,7.317322159829551,8.941663885595661,4.819157223674968
ACH-000830,0.2141248053528473,0.0976107966264223,8.069959890459774,1.4698859762744636,0.2630344058337938,0.2265085298086797,8.770796016921787,0.1763227726404628,8.982195024459537,2.823749360308273,3.626439136697315,4.5668151540108965,6.975905273523699,3.177917792195843
