sampleId,DLL3_log2,APM_z_5gene
sclc_ucologne_2015_S00022,3.659262410331694,-0.6238726575695829
sclc_ucologne_2015_S00035,3.5250039302309193,-0.19305983036903201
sclc_ucologne_2015_S00050,2.946169390959886,-0.5508959347027476
sclc_ucologne_2015_S00213,4.503571356113998,0.7960231126167654
sclc_ucologne_2015_S00356,2.539729571067321,-0.29592517140857594
sclc_ucologne_2015_S00472,4.715849452221877,-0.3844849538890884
sclc_ucologne_2015_S00501,3.20342044182815,0.5294073201171792
sclc_ucologne_2015_S00825,2.3660004136466894,1.0831448719960768
sclc_ucologne_2015_S00827,2.2877086862454172,-0.5907869124759904
sclc_ucologne_2015_S00829,0.3808402503192697,1.2795548093214557
sclc_ucologne_2015_S00830,2.7795118810070583,0.8257097650348886
sclc_ucologne_2015_S00831,2.3574393996351284,0.6422944748140411
sclc_ucologne_2015_S00832,3.9158172490158867,-1.3153674768982835
sclc_ucologne_2015_S00836,3.1182268137929476,0.6087550075849815
sclc_ucologne_2015_S00837,0.2602665869975681,1.145584083054673
sclc_ucologne_2015_S00838,3.215802827645712,-0.3802269659869901
sclc_ucologne_2015_S01242,3.491647898442775,0.7253393123444265
sclc_ucologne_2015_S01248,1.747344429689174,0.19864937621866205
sclc_ucologne_2015_S01297,3.039313893577619,0.4580410539340772
sclc_ucologne_2015_S01366,3.5528565780564003,-1.0147688811486393
sclc_ucologne_2015_S01453,2.579059435660788,-1.095459376161084
sclc_ucologne_2015_S01494,1.7491051495694625,-1.237433839375751
sclc_ucologne_2015_S01512,4.823621998132874,-0.22805876486145596
sclc_ucologne_2015_S01524,3.0656412394759545,-0.5292921383823671
sclc_ucologne_2015_S01542,0.27643711043628233,1.0165882976953382
sclc_ucologne_2015_S01556,1.0061184613833796,-0.09646537315297801
sclc_ucologne_2015_S01563,2.840443091389792,0.4914809290790849
sclc_ucologne_2015_S01578,4.494037925616664,2.0404012828396283
sclc_ucologne_2015_S01698,3.8546140975356167,0.5911141653322866
sclc_ucologne_2015_S01728,4.104445696598464,-0.10120382395350422
sclc_ucologne_2015_S01792,2.4612928057276204,-1.067410227917599
sclc_ucologne_2015_S01861,2.785445929016059,1.2573489417466017
sclc_ucologne_2015_S01864,3.9780857756231276,0.9324009858594866
sclc_ucologne_2015_S01873,1.8158213218338048,0.9217197734009168
sclc_ucologne_2015_S02065,3.453952100138492,-1.2158979324853854
sclc_ucologne_2015_S02093,2.4415631549436667,1.0873562709300806
sclc_ucologne_2015_S02120,3.443500567057692,-1.2379321926696876
sclc_ucologne_2015_S02139,0.043764442310170244,0.06794909356870646
sclc_ucologne_2015_S02163,2.6855365409343537,-0.6109452884529241
sclc_ucologne_2015_S02194,2.350751817865176,-0.2670456455232097
sclc_ucologne_2015_S02209,0.07423139418579203,0.6144396366815561
sclc_ucologne_2015_S02234,4.523555683456243,-0.705943532511051
sclc_ucologne_2015_S02241,3.9948964668985387,-1.6559243967287318
sclc_ucologne_2015_S02242,2.9058707307182394,1.2944922320081385
sclc_ucologne_2015_S02243,3.031853906013212,-1.254513403719591
sclc_ucologne_2015_S02244,4.314645776696946,-0.33143061685574754
sclc_ucologne_2015_S02246,0.0,0.6206434716727682
sclc_ucologne_2015_S02248,4.51127826508303,-0.13032717757523926
sclc_ucologne_2015_S02249,3.3651045905596266,0.9193769509674239
sclc_ucologne_2015_S02255,1.1926360610702127,0.9558457431619816
sclc_ucologne_2015_S02256,1.0592860487461908,0.26550541749424006
sclc_ucologne_2015_S02284,3.1084575476305414,0.17220767551452967
sclc_ucologne_2015_S02285,3.3462194022199068,-1.7677128178040356
sclc_ucologne_2015_S02286,0.08474462086846798,0.12125160809352176
sclc_ucologne_2015_S02287,4.296523483493522,-0.5843565457150584
sclc_ucologne_2015_S02288,0.12604775520593936,0.6439660211008309
sclc_ucologne_2015_S02289,5.253853156504672,-1.8671015765428016
sclc_ucologne_2015_S02290,2.3234565416969333,0.14849311558396294
sclc_ucologne_2015_S02291,2.807251868731307,0.4003910469288551
sclc_ucologne_2015_S02293,1.7723924394085835,-0.3635179084350558
sclc_ucologne_2015_S02294,1.6756353007675153,-0.3465699348751678
sclc_ucologne_2015_S02295,4.795543587006403,-1.89059784847812
sclc_ucologne_2015_S02296,0.017066724189833377,0.9202777719025048
sclc_ucologne_2015_S02297,3.237884893292724,-1.1716813814053766
sclc_ucologne_2015_S02298,0.3260770849231309,-1.3988398707461551
sclc_ucologne_2015_S02299,1.4347216245236671,0.6351677325667072
sclc_ucologne_2015_S02322,5.2561464023928615,-0.8841773106850714
sclc_ucologne_2015_S02328,1.1709505533183675,1.4595426791731696
sclc_ucologne_2015_S02342,2.0467704221624503,0.35526629216250993
sclc_ucologne_2015_S02347,2.5257682188879005,0.9443770267913975
sclc_ucologne_2015_S02350,0.4099068195292641,1.1675870897915288
sclc_ucologne_2015_S02351,4.42442498473345,-1.361312873316597
sclc_ucologne_2015_S02352,3.535219378745396,-1.3899623820953984
sclc_ucologne_2015_S02353,4.008486888965491,0.08300180696511776
sclc_ucologne_2015_S02354,2.664573859262595,0.6425675788663111
sclc_ucologne_2015_S02360,3.774797599800412,-0.888603806327195
sclc_ucologne_2015_S02375,0.5714341158765092,0.7629117566662325
sclc_ucologne_2015_S02376,3.4454353808871123,1.1443334407145467
sclc_ucologne_2015_S02378,2.3005630571738065,1.0307534732719972
sclc_ucologne_2015_S02382,2.9093891022653007,-0.7465999007510626
sclc_ucologne_2015_S02397,2.6806394196398533,-0.22555582361686716
