sample,DLL3_log2,CD274_APM_ratio
21029B2858,5.31082309177294,-6.536335055320163
21029B2860,8.458479065467118,-4.363955806232623
21029B2865,6.29550163457143,-7.594140068571921
21029T2950,6.414164412528158,-5.177963851785123
21029T2951,6.9714776475893405,-5.263423355402256
21029B2859,9.948254511614257,-5.149379918306769
21029B2861,11.122295552720553,-5.034964407092939
21029B2864,10.249307481314297,-3.9701026599977443
21029T2946,10.35074328886819,-4.151397937014531
21029T2953,10.978569409759864,-5.51010894021215
21029T2954,10.601439644610355,-4.991440695927002
21029B2857,9.363945853453847,-6.057790856244159
21029B2862,10.580421781597952,-3.577306143354413
21029T2945,9.011314798549423,-4.900865204234858
21029T2947,11.553262504409554,-3.3925228020683376
