sampleId,DLL3_log2,APM_z_5gene,APM_z_6gene
11A,6.6895867703,0.09682240122345523,0.13610676090857118
 12A,5.5874473716,-0.12730267124927358,-0.15027974478387848
 13A,4.0820339095,0.07490510358627119,-0.011467228425414219
 14A,5.8027214122,-0.8155924102994468,-0.8227327001278354
 15A,5.8212651107,-0.6782831004790723,-0.7160974383104332
 16A,5.1528873709,1.2131954338816473,1.2255279234956777
 17A,5.8863427675,-0.7321848861675091,-0.8679404693870013
 18A,7.0805531841,-0.28177006232865864,-0.124358443165433
 20A,5.0587856427,0.40764209863169387,0.3927733000317202
 21A,3.2790618638,0.6002885183588065,0.629178074807056
 22A,5.8041784212,-0.6146063895551461,-0.6643767134645604
 23A,5.330498194,0.12096787159625029,0.12611420744068957
 25A,4.3951101826,-1.2939747475834924,-1.1292626721544645
 26A,4.2274396209,-0.8422592094952843,-0.8286247514205293
 27A,5.3296239432,0.12664595102039014,0.17721741733226692
 28A,4.7605632398,-0.2541169024644919,-0.3733077770196183
 29A,5.0318958603,-0.19961478932610704,-0.30136185631544915
 30A,5.508927955,0.17603881347809008,0.1097724095477437
 31A,5.4372492052,-1.3166400531892504,-1.410320416080995
 32A,4.0049509398,-0.9184012689894321,-0.9672324983881301
 33A,5.5462399032,-0.41591494377802374,-0.5223229375249766
 34A,5.3348910545,0.05705039685035079,-0.04417532540756599
 36A,4.0824719914,-0.5925256498763076,-0.5025996605689348
 3A,1.6799118953,1.427596026988973,1.4155388141213001
 4A,4.6768592191,0.8657986132930351,0.9624651578120992
 5A,5.5150778181,1.0236847371420867,1.1093234352046153
 6A,4.5628701494,-0.39154434502147933,-0.34282797257680714
 7A,4.8567289942,0.736167555275897,0.7533889193914045
 8A,4.888559857,-0.5081544627295862,-0.6535737336857628
 9A,2.7990929629,0.23250928279924335,0.16456327895433198
 B07-3747A,5.8029683068,-0.6056550807195195,-0.5115932164640474
 B08-3085A,3.9293872025,-1.4403543755710217,-1.3921756084247587
 B08-3256TA,6.2481430627,1.143991224673737,1.2484352516914063
 B08-3483TA,0.0,-0.36807131672436794,-0.17852251266353994
 B08-3503TA,5.0460749721,-0.9639873901278039,-0.9332790773319978
 B08-3699TA,5.2795874457,0.3295822441702948,0.37702391475461566
 B08-3758TA,4.3669007918,-0.12236084530324012,-0.11616449795022098
 B08-4286TA,5.6542613169,-1.0847625280566413,-1.1125411562992416
 B08-4386TA,3.6141665581,0.011584737242877863,-0.00237137507623607
 B08-4454TA,5.7381450691,0.7546316329903491,0.7877809155228342
 B08-4497TA,4.2969690065,0.9233652919486242,1.0100818176072748
 B08-4579TA,0.0,0.38012835074152046,0.36669061100856476
 B09-450A,4.966955875,-0.37031547775681467,-0.5629147264036125
 B10-144A,4.9014931771,0.07098647944600536,0.11924943984630097
 B10-158A,5.3794597832,-0.7333428180061462,-0.7994743450384267
 B10-1708A,4.4974722615,-0.09876674313019596,-0.1506984056021734
 B10-183A,5.2194422802,-0.7453114742542117,-0.8889750831025777
 B10-2275A,4.8597940733,-0.2087712101827533,-0.16767149229349668
 B10-3353A,3.1493523872,1.4120130626664829,1.2890804534647715
 B10-3514A,5.6218197527,0.5897122974572656,0.7051968274183623
 B10-363A,3.830131695,0.7270935235833331,0.7404464330464418
 B10-3851A,0.0,0.6247347351434313,0.5516371981758992
 B10-4161A,4.0850073698,-1.1110468013054835,-1.1472461951492097
 B10-4914A,0.5349922528,0.96432396429115,0.944469870375741
 B10-5116A,2.8119827824,-0.5349788480490931,-0.57018087908404
 B10-5210A,2.945792749,-1.1739951503291866,-1.3073300860632326
 B10-5295A,2.2654149683,0.9410687880880264,0.7848678149587359
 B10-5346A,2.2610833783,0.1759846275193289,0.14625681846743904
 B10-5484A,5.0094096032,-0.3788514190319956,-0.32984427732406674
 B10-5656A,2.8240831066,-0.5468035309166452,-0.4849090914417557
 B10-5716A,5.2549999847,-0.2806421177061809,-0.3718632024534092
 B10-6017A,1.9553119937,0.12351734203030384,0.1631916677336496
 B10-6122A,0.0,0.6144306125821876,0.658465241224701
 B11-1085A,4.6378272227,-0.5168955300893077,-0.6269330771087059
 B11-2810A,4.6104896879,0.7141713102048569,0.8350270141934142
 B11-283A,0.0,0.7846432384559834,0.8387687604834745
 B11-4430A,4.1488456192,-0.709699028795219,-0.7618742235043786
 B11-4A,0.1626210452,0.007032058761636773,0.10337049089814247
 B12-1353A,3.740565163,0.30019155734965963,0.3849801017371976
 B12-1662A,4.2522359433,-0.6335361688772233,-0.719713667694696
 B12-2013A,2.4526760747,0.7485186191226005,0.9405253261407452
 B12-703A,0.0,1.3812294751997884,1.444247348124538
 B12-738A,2.7859635447,-0.06602445825154887,0.04300514103147544
 B12-814A,4.8000706217,-0.37228269476864273,-0.24651402190871052
 T10-5656A,4.3060018512,-0.22734499407922987,-0.421491585199359
 T11-4067A,0.7329652178,0.22454050793767308,0.1814599430481673
 T11-548A,2.5729250258,0.05299336677059874,0.029348026466521515
 T12-1866A,0.049348869,2.021473715709711,2.050055869747609
 T12-3716A,0.0,0.09543032635137032,0.29151214617416643
