donor,n_pos,n_neg,PD-1_pos,PD-1_neg,PD-1_expr_pos,PD-1_expr_neg,TIM-3_pos,TIM-3_neg,TIM-3_expr_pos,TIM-3_expr_neg,GZMB_pos,GZMB_neg,GZMB_expr_pos,GZMB_expr_neg
RU1065,179,1066,22.3463687150838,12.757973733583489,1.145578,0.6189916,10.614525139664805,3.8461538461538463,0.45630574,0.18347476,15.083798882681565,22.23264540337711,1.407114,2.8168209
RU1066,267,210,29.213483146067414,16.19047619047619,1.7980651,1.2329979,20.973782771535582,8.095238095238095,1.1779464,0.65053463,22.09737827715356,24.285714285714285,6.2321806,6.635713
RU1080,18,152,55.55555555555556,7.894736842105263,2.5892763,0.53162646,38.88888888888889,2.631578947368421,1.2286979,0.12203862,33.33333333333333,34.868421052631575,3.4148314,6.3753777
RU1108,6,22,66.66666666666666,27.27272727272727,4.293299,2.159197,50.0,13.636363636363635,6.556639,1.3846036,83.33333333333334,68.18181818181817,25.949564,14.40123
RU1124,23,174,43.47826086956522,9.195402298850574,3.1726246,0.6100288,34.78260869565217,10.919540229885058,1.9439405,0.80198133,65.21739130434783,59.77011494252874,24.76176,12.992064
RU1144,4,181,25.0,6.629834254143646,1.8698579,0.5822092,25.0,1.6574585635359116,2.829121,0.06656259,0.0,50.82872928176796,0.0,11.435046
RU1145,84,451,20.238095238095237,14.19068736141907,0.8992524,0.8382112,54.761904761904766,20.17738359201774,3.7753122,1.6286443,58.333333333333336,57.20620842572062,25.984175,26.239996
RU1152,31,40,61.29032258064516,20.0,2.9772668,1.3418386,77.41935483870968,17.5,6.7233677,1.6498035,87.09677419354838,42.5,35.60086,10.203036
RU1181,23,84,30.434782608695656,11.904761904761903,1.2550974,0.7174102,39.130434782608695,13.095238095238097,1.9176446,1.184923,69.56521739130434,48.80952380952381,38.93672,11.926818
RU1195,143,445,69.93006993006993,41.12359550561798,2.4760244,1.9683772,65.03496503496503,33.258426966292134,2.4663951,1.4157101,93.7062937062937,82.47191011235955,36.877132,25.791363
RU1229,13,98,15.384615384615385,19.387755102040817,0.6855921,1.3447037,30.76923076923077,19.387755102040817,1.5659051,1.0901659,84.61538461538461,60.204081632653065,23.23456,13.156039
RU1293,6,67,33.33333333333333,7.462686567164178,1.7144608,0.5119269,50.0,8.955223880597014,2.631635,0.4686756,66.66666666666666,53.73134328358209,13.182359,17.11015
RU1322,4,14,50.0,14.285714285714285,6.465759,2.17779,100.0,7.142857142857142,12.098755,0.3422548,75.0,35.714285714285715,46.166077,5.1366067
RU426,16,85,31.25,28.235294117647058,0.86354184,1.6954613,25.0,12.941176470588237,2.399335,1.1489797,75.0,51.76470588235295,16.97319,12.069728
RU779,166,937,33.734939759036145,21.878335112059766,2.132121,1.5147293,34.33734939759036,16.755602988260407,1.9609463,1.205807,66.86746987951807,51.33404482390609,9.805383,7.9210477
