donor,n_CD8,n_TNFRSF9_pos,n_TNFRSF9_neg,n_PD1_pos,median_total_counts,median_genes,n_CD8_Texh,n_CD8_Teff,n_CD8_Tmem,evaluable_primary_min3,n_epithelial
PleuralEffusion,196,0,196,12,3184.5,1065.0,6,4,186,False,559
RU1065,1245,179,1066,176,4926.0,1647.0,30,57,1158,True,177
RU1066,477,267,210,112,3223.0,1054.0,13,18,446,True,2762
RU1080,170,18,152,22,3391.5,1240.5,7,20,143,True,2915
RU1108,28,6,22,10,2591.0,974.5,3,1,24,True,11056
RU1124,197,23,174,26,4007.0,1404.0,1,85,111,True,891
RU1144,185,4,181,13,4109.0,1229.0,2,79,104,True,3617
RU1145,535,84,451,81,3649.0,1120.0,30,16,489,True,3422
RU1152,71,31,40,27,4416.0,1601.0,8,6,57,True,1483
RU1181,107,23,84,17,2735.0,1024.0,9,16,82,True,4362
RU1195,588,143,445,283,7217.0,2193.5,430,42,116,True,267
RU1215,45,2,43,3,1391.0,666.0,1,0,44,False,3923
RU1229,111,13,98,21,3076.0,1159.0,10,8,93,True,3437
RU1231,11,2,9,1,1727.0,822.0,0,0,11,False,4942
RU1293,73,6,67,7,2087.0,913.0,5,13,55,True,5667
RU1311,24,2,22,0,529.5,345.5,1,1,22,False,145
RU1322,18,4,14,4,2235.5,1057.0,0,1,17,True,3098
RU426,101,16,85,29,3407.0,1225.0,10,3,88,True,1374
RU779,1103,166,937,261,4510.0,1598.0,12,17,1074,True,216
